organization,website
Wilmette Park District,https://wilmettepark.org/
Oak Brook Park District,https://www.obparks.org/
Glenview Park District,https://www.glenviewparks.org/
Arlington Heights Park District,https://www.ahpd.org/
Park District of Highland Park,https://www.pdhp.org/
Winnetka Park District,https://www.winpark.org/
Glencoe Park District,https://www.glencoeparkdistrict.com/
Northbrook Park District,https://www.nbparks.org/
Skokie Park District,https://www.skokieparks.org/
Evanston Parks and Recreation,https://www.cityofevanston.org/government/departments/parks-recreation-community-services
Village of Wilmette,https://www.wilmette.gov/
Village of Glenview,https://www.glenview.il.us/
Village of Winnetka,https://www.villageofwinnetka.org/
Village of Northbrook,https://www.northbrook.il.us/
City of Highland Park,https://www.cityhpil.com/
City of Evanston,https://www.cityofevanston.org/
City of Lake Forest,https://www.cityoflakeforest.com/
City of Park Ridge,https://www.parkridge.us/
